{
    "tags": {
        "1": "Computer",
        "2": "Education",
        "3": "Music",
        "4": "Social support",
        "5": "Language",
        "6": "Work",
        "7": "News",
        "8": "Municipalities",
        "9": "Legal assistance",
        "10": "Helth",
        "11": "Food",
        "12": "Culture"
    },
    "orgs": {
        "1014": {
            "name": "Hack Your Future",
            "logo": "https://www.takecarebnb.com/wp-content/uploads/2016/01/logohackyourfuture.png",
            "description_company": "HackYourFuture is a code school (foundation) teaching computer programming to refugees. Our aim is to empower our students through coding and get them to work as software developers. With 40 developers (all volunteers) we have created a 6-month program in which our students learn the fundamentals of web-development. After graduation we guide our students towards employment via our network. Besides learning our students how to code, we also teach them how to work on projects in a modern tech team.\nWe teach every Sunday in Amsterdam, during the week we coach and support our students online with their homework. Throughout our course our students have multiple business visits, masterclasses from various tech experts, and get individual coaching in their career.",
            "description_person": "HackYourFuture is a code school (foundation) teaching computer programming to refugees. Our aim is to empower our students through coding and get them to work as software developers. With 40 developers (all volunteers) we have created a 6-month program in which our students learn the fundamentals of web-development. After graduation we guide our students towards employment via our network. Besides learning our students how to code, we also teach them how to work on projects in a modern tech team.\nWe teach every Sunday in Amsterdam, during the week we coach and support our students online with their homework. Throughout our course our students have multiple business visits, masterclasses from various tech experts, and get individual coaching in their career.",
            "tags": [
                1,
                2,
                6
            ],
            "contacts": [
                {
                    "id": 2014,
                    "phone": "0031688999777",
                    "email": "info@hackyourfuture.net",
                    "web": "http://www.hackyourfuture.net/",
                    "latitude": 52.3651,
                    "longitude": 4.89227,
                    "post_code": "1017 CB",
                    "city": "Amsterdam",
                    "house_number": "504"
                }
            ]
        },
        "1015": {
            "name": "Global Workforce",
            "logo": "http://www.dressforsuccess.nl/wp-content/uploads/2016/10/onbekend.jpg",
            "description_company": "As the first step, you must obtain refugee status in the Netherlands. Once you have this, you can register with us.\nRegister by filling in the form. As part of this you need to provide information about your education and field of work.\nGlobal Workforce will get to work connecting you with companies and Dutch volunteers located in your area (gemeente where you are or will be living) who are working in the same field of expertise. This way you can share and maintain your knowledge / skills, learn to communicate in the Dutch language and take part in our culture. Your chance of finding a job will increase. ",
            "description_person": "As the first step, you must obtain refugee status in the Netherlands. Once you have this, you can register with us.\nRegister by filling in the form. As part of this you need to provide information about your education and field of work.\nGlobal Workforce will get to work connecting you with companies and Dutch volunteers located in your area (gemeente where you are or will be living) who are working in the same field of expertise. This way you can share and maintain your knowledge / skills, learn to communicate in the Dutch language and take part in our culture. Your chance of finding a job will increase. ",
            "tags": [
                5,
                6
            ],
            "contacts": [
                {
                    "id": 2015,
                    "phone": "0031677446688",
                    "email": "info@global-workforce.nl",
                    "web": "https://www.global-workforce.nl/pages/workforce/Home",
                    "latitude": 52.3736,
                    "longitude": 4.89759,
                    "post_code": "1012 GH",
                    "city": "Amsterdam",
                    "house_number": "2"
                }
            ]
        },
        "1016": {
            "name": "Refugee Start Force",
            "logo": "http://tccdn.tilburgcom.netdna-cdn.com/media/Refugee-Start-Force.jpg",
            "description_company": "We create social and professional networks with the aim to help refugees to integrate more quickly in the Dutch society, learn language and to find opportunities for volunteer work, internships and jobs.\nOur guiding objective is empowering refugees to participate more quickly into the Dutch society and labor market and built a successful life in The Netherlands.\nWe aim to match refugees, locals, organizations and companies based on professions, skills and expertizes. Our networking groups, projects and events  enable refugees to find contacts who can help them to further develop professional skills and ambitions.",
            "description_person": "We create social and professional networks with the aim to help refugees to integrate more quickly in the Dutch society, learn language and to find opportunities for volunteer work, internships and jobs.\nOur guiding objective is empowering refugees to participate more quickly into the Dutch society and labor market and built a successful life in The Netherlands.\nWe aim to match refugees, locals, organizations and companies based on professions, skills and expertizes. Our networking groups, projects and events  enable refugees to find contacts who can help them to further develop professional skills and ambitions.",
            "tags": [
                4,
                5,
                6
            ],
            "contacts": [
                {
                    "id": 2016,
                    "phone": "0031677446688",
                    "email": "info@refugeestartforce.eu",
                    "web": "https://refugeestartforce.eu/",
                    "latitude": 52.0921,
                    "longitude": 5.12168,
                    "post_code": "3512 JE",
                    "city": "Utrecht",
                    "house_number": "13"
                },
                {
                    "id": 2017,
                    "phone": "0031677446688",
                    "email": "info@refugeestartforce.eu",
                    "web": "https://refugeestartforce.eu/",
                    "latitude": 51.4403,
                    "longitude": 5.48071,
                    "post_code": "5611 CH",
                    "city": "Eindhoven",
                    "house_number": "55"
                }
            ]
        },
        "1017": {
            "name": "Humanitas Taalmaatjes",
            "logo": "https://pbs.twimg.com/profile_images/556461840293580800/eOJFlQMb.jpeg",
            "description_company": "De vereniging Humanitas is een landelijke vrijwilligersorganisatie. Onze vrijwilligers helpen mensen om op eigen kracht iets aan hun situatie te veranderen.\nOnze hulp is gratis en altijd in de buurt; we hebben ruim tachtig afdelingen door het hele land. En we zijn er voor iedereen, ongeacht leeftijd, achtergrond of levensovertuiging. Eén ding is voor ons het allerbelangrijkst. Dat onze deelnemers kunnen zeggen: 'Dankzij het contact met een Humanitas-vrijwilliger kan ik mijn leven weer zelf oppakken.'\nOnze hulp kost niks en is tijdelijk en gelijkwaardig. Onze vrijwilligers staan naast hun deelnemers, nooit erboven. Ze bieden praktische hulp, tips, vriendschap en gezelschap.\nIedereen kan ons 'om de hoek' vinden, dankzij onze ruim tachtig lokale afdelingen, verspreid over het hele land. Onze hulp kost niks en is tijdelijk en gelijkwaardig. Onze vrijwilligers staan naast hun deelnemers, nooit erboven. Ze bieden praktische hulp, tips, vriendschappelijk contact en een luisterend oor. Ze zijn maatjes waar je veel aan hebt.\nsteeds die hulp aanbieden waaraan behoefte is.\nAlles – onze organisatie, onze vrijwilligers, onze aanpak – is erop gericht onze deelnemers zelfvertrouwen te geven. Zo kunnen ze hun toekomst zelfstandig en met plezier tegemoet zien.\nWe helpen jou je leven een positieve draai te geven.\nWe helpen jou de regie over je eigen leven (terug) te vinden.\nWe denken vanuit jouw behoeften.\nWe helpen je van mens tot mens, op basis van gelijkwaardigheid.\nWe zijn er voor je, ongeacht je achtergrond, levensverhaal of leeftijd.\nWe bieden je aandacht, veiligheid en vertrouwen.",
            "description_person": "De vereniging Humanitas is een landelijke vrijwilligersorganisatie. Onze vrijwilligers helpen mensen om op eigen kracht iets aan hun situatie te veranderen.\nOnze hulp is gratis en altijd in de buurt; we hebben ruim tachtig afdelingen door het hele land. En we zijn er voor iedereen, ongeacht leeftijd, achtergrond of levensovertuiging. Eén ding is voor ons het allerbelangrijkst. Dat onze deelnemers kunnen zeggen: 'Dankzij het contact met een Humanitas-vrijwilliger kan ik mijn leven weer zelf oppakken.'\nOnze hulp kost niks en is tijdelijk en gelijkwaardig. Onze vrijwilligers staan naast hun deelnemers, nooit erboven. Ze bieden praktische hulp, tips, vriendschap en gezelschap.\nIedereen kan ons 'om de hoek' vinden, dankzij onze ruim tachtig lokale afdelingen, verspreid over het hele land. Onze hulp kost niks en is tijdelijk en gelijkwaardig. Onze vrijwilligers staan naast hun deelnemers, nooit erboven. Ze bieden praktische hulp, tips, vriendschappelijk contact en een luisterend oor. Ze zijn maatjes waar je veel aan hebt.\nsteeds die hulp aanbieden waaraan behoefte is.\nAlles – onze organisatie, onze vrijwilligers, onze aanpak – is erop gericht onze deelnemers zelfvertrouwen te geven. Zo kunnen ze hun toekomst zelfstandig en met plezier tegemoet zien.\nWe helpen jou je leven een positieve draai te geven.\nWe helpen jou de regie over je eigen leven (terug) te vinden.\nWe denken vanuit jouw behoeften.\nWe helpen je van mens tot mens, op basis van gelijkwaardigheid.\nWe zijn er voor je, ongeacht je achtergrond, levensverhaal of leeftijd.\nWe bieden je aandacht, veiligheid en vertrouwen.",
            "tags": [
                2,
                4,
                5,
                8
            ],
            "contacts": [
                {
                    "id": 2018,
                    "phone": "0031205231100",
                    "email": "info@humanitas.nl",
                    "web": "https://www.humanitas.nl/programmas/taalmaatjes/",
                    "latitude": 52.3598,
                    "longitude": 4.90229,
                    "post_code": "1017 WS",
                    "city": "Amsterdam",
                    "house_number": "4"
                },
                {
                    "id": 2019,
                    "phone": "0031205231100",
                    "email": "info@humanitas.nl",
                    "web": "https://www.humanitas.nl/programmas/taalmaatjes/",
                    "latitude": 52.2164,
                    "longitude": 6.88192,
                    "post_code": "7513 HJ",
                    "city": "Enschede",
                    "house_number": "259"
                }
            ]
        },
        "1018": {
            "name": "ASKV",
            "logo": "https://api.4morgen.org/Images/Charity/1254-small.jpg",
            "description_company": "ASKV Refugee Support is an Amsterdam-based organisation, providing legal assistance and social support (including shelter) to undocumented refugees. At present, ASKV is one the last remaining organisations of it’s kind in Amsterdam, and every year hundreds of undocumented people make use of our daily walk-in legal and social advice clinics. ASKV has particular expertise in providing housing and guidance to refugees with psychiatric disorders. In addition to direct assistance, ASKV is a vocal advocate for refugee rights, both locally and nationally. We organise Dutch language training for our clients, as well as regular awareness campaigns and discussion events for the broader public.\nMuch of our work is volunteer-based, allowing ASKV to conduct all its work on a slim annual budget of approximately €850,000 . Most of our funding comes from Dutch charities, the municipality of Amsterdam and individual donations. In addition to our ongoing legal, social and housing support, we also assist asylum seekers who experience psychiatric difficulties, offer Dutch language courses, and provide support to LGBT refugees.",
            "description_person": "ASKV Refugee Support is an Amsterdam-based organisation, providing legal assistance and social support (including shelter) to undocumented refugees. At present, ASKV is one the last remaining organisations of it’s kind in Amsterdam, and every year hundreds of undocumented people make use of our daily walk-in legal and social advice clinics. ASKV has particular expertise in providing housing and guidance to refugees with psychiatric disorders. In addition to direct assistance, ASKV is a vocal advocate for refugee rights, both locally and nationally. We organise Dutch language training for our clients, as well as regular awareness campaigns and discussion events for the broader public.\nMuch of our work is volunteer-based, allowing ASKV to conduct all its work on a slim annual budget of approximately €850,000 . Most of our funding comes from Dutch charities, the municipality of Amsterdam and individual donations. In addition to our ongoing legal, social and housing support, we also assist asylum seekers who experience psychiatric difficulties, offer Dutch language courses, and provide support to LGBT refugees.",
            "tags": [
                4,
                9,
                10
            ],
            "contacts": [
                {
                    "id": 2020,
                    "phone": "0031206272408 ",
                    "email": "askv@dds.nl",
                    "web": "http://www.askv.nl/",
                    "latitude": 52.3742,
                    "longitude": 4.87266,
                    "post_code": "1052 HN",
                    "city": "Amsterdam",
                    "house_number": "111"
                },
                {
                    "id": 2021,
                    "phone": "0031206272408 ",
                    "email": "askv@dds.nl",
                    "web": "http://www.askv.nl/",
                    "latitude": 51.2113,
                    "longitude": 5.93132,
                    "post_code": "6085 AB",
                    "city": "Horn",
                    "house_number": "41"
                },
                {
                    "id": 2022,
                    "phone": "0031206272408 ",
                    "email": "askv@dds.nl",
                    "web": "http://www.askv.nl/",
                    "latitude": 53.2072,
                    "longitude": 6.55343,
                    "post_code": "9727 CC",
                    "city": "Groningen",
                    "house_number": "61"
                }
            ]
        },
        "1019": {
            "name": "Restaurant SYR",
            "logo": "http://s.vance.nl/wp-content/uploads/2016/06/Tafelsetting-1100x625.jpg",
            "description_company": "Over the past few months many newcomers have arrived in the Netherlands, including from Syria. People just like us: with talents, dreams and ambitions. With restaurant Syr the Gys Foundation is starting a project where they can use these talents and further develop their skills, making them feel at home in Utrecht and take part in Dutch society. Refugees with a residence permit will work together with Dutch hospitality colleagues at the restaurant. While visitors are enjoying delicious Syrian dishes with a European twist, a bond will be formed between the different cultures.",
            "description_person": "Over the past few months many newcomers have arrived in the Netherlands, including from Syria. People just like us: with talents, dreams and ambitions. With restaurant Syr the Gys Foundation is starting a project where they can use these talents and further develop their skills, making them feel at home in Utrecht and take part in Dutch society. Refugees with a residence permit will work together with Dutch hospitality colleagues at the restaurant. While visitors are enjoying delicious Syrian dishes with a European twist, a bond will be formed between the different cultures.",
            "tags": [
                11
            ],
            "contacts": [
                {
                    "id": 2023,
                    "phone": "0031638251938",
                    "email": "info@restaurantsyr.nl",
                    "web": "http://restaurantsyr.nl/",
                    "latitude": 52.0864,
                    "longitude": 5.12399,
                    "post_code": "3512 PE",
                    "city": "Utrecht",
                    "house_number": "71"
                },
                {
                    "id": 2024,
                    "phone": "0031638251938",
                    "email": "info@restaurantsyr.nl",
                    "web": "http://restaurantsyr.nl/",
                    "latitude": 51.8164,
                    "longitude": 4.39989,
                    "post_code": "3262 HK",
                    "city": "Oud-Beijerland",
                    "house_number": "1"
                }
            ]
        },
        "1020": {
            "name": "Refugee Company",
            "logo": "https://www.refugeecompany.com/wp-content/uploads/2016/12/7.bocca_-700x441.jpg",
            "description_company": "Our mission is to empower refugees. We believe work is the best tool to integration; through work, refugees can blend with their society and build up a new meaningful life in the Netherlands. We speed up integration by providing opportunities for newcomers upon arrival to utilize their talents again.\n We create spaces where refugees feel at home, can network with non-refugees and where they can show what they are good at. We help build a strong network, develop a portfolio, gain work experience, as to be ready to set up a business or find a paid job. We do this through a tailor-made and holistic approach, checking the work-related personal needs of each individual.",
            "description_person": "Our mission is to empower refugees. We believe work is the best tool to integration; through work, refugees can blend with their society and build up a new meaningful life in the Netherlands. We speed up integration by providing opportunities for newcomers upon arrival to utilize their talents again.\n We create spaces where refugees feel at home, can network with non-refugees and where they can show what they are good at. We help build a strong network, develop a portfolio, gain work experience, as to be ready to set up a business or find a paid job. We do this through a tailor-made and holistic approach, checking the work-related personal needs of each individual.",
            "tags": [
                6
            ],
            "contacts": [
                {
                    "id": 2025,
                    "phone": "0031673947173",
                    "email": "info@refugeecompany.com",
                    "web": "https://www.refugeecompany.com/",
                    "latitude": 52.3364,
                    "longitude": 4.92635,
                    "post_code": "1096 AN",
                    "city": "Amsterdam",
                    "house_number": "1"
                },
                {
                    "id": 2026,
                    "phone": "0031673947173",
                    "email": "info@refugeecompany.com",
                    "web": "https://www.refugeecompany.com/",
                    "latitude": 53.1941,
                    "longitude": 5.79452,
                    "post_code": "8932 GN",
                    "city": "Leeuwarden",
                    "house_number": "15"
                },
                {
                    "id": 2027,
                    "phone": "0031673947173",
                    "email": "info@refugeecompany.com",
                    "web": "https://www.refugeecompany.com/",
                    "latitude": 52.3661,
                    "longitude": 6.66668,
                    "post_code": "7602 HN",
                    "city": "Almelo",
                    "house_number": "9"
                }
            ]
        },
        "1021": {
            "name": "Takecarebnb",
            "logo": "https://i.ytimg.com/vi/cmJ7M0tCHTk/maxresdefault.jpg",
            "description_company": "Takecarebnb makes it possible that refugees who hold a residence permit can temporarily stay with Dutch host families while waiting for their own home\nThe Netherlands are confronted with large groups of refugees. People who can no longer live in safety in their own country and are forced to leave their homes. Here they are temporarily housed in AZC’s (asylum centers), waiting for a residence permit. Those who obtain a ‘status’ and are allowed to live and work in the Netherlands, often wait for months in AZC’s on a house of their own. These centers are spread throughout the country, but at the same time isolated from Dutch society: refugees are during that period restricted in contact with the Dutch language, culture and customs.\nMany people are willing to help. For example, by taking them into their home, while they are waiting for an own home. COA (Central Agency for the Shelter of Asylum Seekers) offers a stay arrangement with Dutch families of up to three months. Takecarebnb arranges a solid matching between refugees and host families. This way Takecarebnb contributes to the integration of the refugees on the one hand and on the other hand we offer families the opportunity to offer help in a concrete and at the same time life enriching manner.",
            "description_person": "Takecarebnb makes it possible that refugees who hold a residence permit can temporarily stay with Dutch host families while waiting for their own home\nThe Netherlands are confronted with large groups of refugees. People who can no longer live in safety in their own country and are forced to leave their homes. Here they are temporarily housed in AZC’s (asylum centers), waiting for a residence permit. Those who obtain a ‘status’ and are allowed to live and work in the Netherlands, often wait for months in AZC’s on a house of their own. These centers are spread throughout the country, but at the same time isolated from Dutch society: refugees are during that period restricted in contact with the Dutch language, culture and customs.\nMany people are willing to help. For example, by taking them into their home, while they are waiting for an own home. COA (Central Agency for the Shelter of Asylum Seekers) offers a stay arrangement with Dutch families of up to three months. Takecarebnb arranges a solid matching between refugees and host families. This way Takecarebnb contributes to the integration of the refugees on the one hand and on the other hand we offer families the opportunity to offer help in a concrete and at the same time life enriching manner.",
            "tags": [
                4,
                5
            ],
            "contacts": [
                {
                    "id": 2028,
                    "phone": "0031673958263",
                    "email": "info@takecarebnb.com",
                    "web": "https://www.takecarebnb.com/",
                    "latitude": 52.3659,
                    "longitude": 4.90293,
                    "post_code": "1018 DP",
                    "city": "Amsterdam",
                    "house_number": "18"
                },
                {
                    "id": 2029,
                    "phone": "0031673958263",
                    "email": "info@takecarebnb.com",
                    "web": "https://www.takecarebnb.com/",
                    "latitude": 51.5024,
                    "longitude": 3.62144,
                    "post_code": "4331 TV",
                    "city": "Middelburg",
                    "house_number": "33"
                }
            ]
        },
        "1022": {
            "name": "DELITELABS",
            "logo": "http://delitelabs.com/site/wp-content/uploads/2017/03/DELITELABS-Newsletter-AMS.png",
            "description_company": "We believe in unlocking talent and self-reliance.\nDELITELABS’ goal is to support aspiring entrepreneurs in developing and realizing professional projects and thus activating entrepreneurial spirit.\nDELITELABS achieves this by offering an intensive program targeted at individuals who are contemplating their own business as a viable alternative in a difficult labor market.\nWe do so by creating a ‘safe zone’ for learning theory, exploring ideas, as well as experiencing the emotional journey typically encountered by early stage startup entrepreneurs. In short, DELITELABS startup school stimulates it’s participants to excel in the early stages until actually incorporating a business.\nDELITELABS is driven by the believe that underutilized capabilities, especially of young people, and the lack of professional perspectives are one of the most critical challenges of our society. DELITELABS seeks to inspire and activate its participants. We believe that “if you put people of different backgrounds into one room, shake it sufficiently well and add a pinch of professionalization, amazing things can happen”. Therefore we keep the entry barriers as low as possible: by subsidizing our core activities through corporate trainings, we allow those wo need it the most to participate.",
            "description_person": "We believe in unlocking talent and self-reliance.\nDELITELABS’ goal is to support aspiring entrepreneurs in developing and realizing professional projects and thus activating entrepreneurial spirit.\nDELITELABS achieves this by offering an intensive program targeted at individuals who are contemplating their own business as a viable alternative in a difficult labor market.\nWe do so by creating a ‘safe zone’ for learning theory, exploring ideas, as well as experiencing the emotional journey typically encountered by early stage startup entrepreneurs. In short, DELITELABS startup school stimulates it’s participants to excel in the early stages until actually incorporating a business.\nDELITELABS is driven by the believe that underutilized capabilities, especially of young people, and the lack of professional perspectives are one of the most critical challenges of our society. DELITELABS seeks to inspire and activate its participants. We believe that “if you put people of different backgrounds into one room, shake it sufficiently well and add a pinch of professionalization, amazing things can happen”. Therefore we keep the entry barriers as low as possible: by subsidizing our core activities through corporate trainings, we allow those wo need it the most to participate.",
            "tags": [
                2,
                6
            ],
            "contacts": [
                {
                    "id": 2030,
                    "phone": "0031649582018",
                    "email": "info@delitelabs.com",
                    "web": "http://delitelabs.com/",
                    "latitude": 52.3597,
                    "longitude": 4.92546,
                    "post_code": "1092 CK",
                    "city": "Amsterdam",
                    "house_number": "2"
                },
                {
                    "id": 2031,
                    "phone": "0031649582018",
                    "email": "info@delitelabs.com",
                    "web": "http://delitelabs.com/",
                    "latitude": 50.8724,
                    "longitude": 5.83268,
                    "post_code": "6301",
                    "city": "Valkenburg",
                    "house_number": "22"
                },
                {
                    "id": 2032,
                    "phone": "0031649582018",
                    "email": "info@delitelabs.com",
                    "web": "http://delitelabs.com/",
                    "latitude": 53.1344,
                    "longitude": 7.03623,
                    "post_code": "9673 HP",
                    "city": "Winschoten",
                    "house_number": "31"
                }
            ]
        },
        "1023": {
            "name": "Introduction to Dutch",
            "logo": "https://ugc.futurelearn.com/uploads/images/29/24/2924bac4-50c7-4855-80b9-32894b3635ef.jpg",
            "description_company": "Learn to speak, write and understand basic Dutch, with this free, three-week, introductory foreign language course.",
            "description_person": "Learn to speak, write and understand basic Dutch, with this free, three-week, introductory foreign language course.",
            "tags": [
                5,
                12
            ],
            "contacts": [
                {
                    "id": 2033,
                    "phone": "0031673810543",
                    "email": "info@futurelearn.com",
                    "web": "https://www.futurelearn.com/courses/dutch",
                    "latitude": 51.5838,
                    "longitude": 5.07143,
                    "post_code": "5049 BR",
                    "city": "Tilburg",
                    "house_number": "192"
                },
                {
                    "id": 2034,
                    "phone": "0031673810543",
                    "email": "info@futurelearn.com",
                    "web": "https://www.futurelearn.com/courses/dutch",
                    "latitude": 52.3143,
                    "longitude": 5.42092,
                    "post_code": "8253 CD",
                    "city": "Dronten",
                    "house_number": "3"
                }
            ]
        },
        "1024": {
            "name": "Mobile Educator",
            "logo": "http://mobile-educator.org/wp-content/uploads/2017/02/cropped-logo_TME_payoff.psd-e1486392470247.jpg",
            "description_company": "The Mobile Educator (TME) offers ‘professional development’ training courses to teachers from Syria and other countries in the Middle East to make them well acquainted with Dutch education.\nCentral in our courses are modern educational methods, like active learning and the use of ICT in education. Additionally, we help our Syrian colleagues to rebuild their network in education.",
            "description_person": "The Mobile Educator (TME) offers ‘professional development’ training courses to teachers from Syria and other countries in the Middle East to make them well acquainted with Dutch education.\nCentral in our courses are modern educational methods, like active learning and the use of ICT in education. Additionally, we help our Syrian colleagues to rebuild their network in education.",
            "tags": [
                2,
                5,
                6
            ],
            "contacts": [
                {
                    "id": 2035,
                    "phone": "0031641294061",
                    "email": "info@mobile-educator.org",
                    "web": "http://mobile-educator.org/",
                    "latitude": 52.1539,
                    "longitude": 4.50442,
                    "post_code": "2313 ES",
                    "city": "Leiden",
                    "house_number": "21"
                },
                {
                    "id": 2036,
                    "phone": "0031641294061",
                    "email": "info@mobile-educator.org",
                    "web": "http://mobile-educator.org/",
                    "latitude": 53.0981,
                    "longitude": 5.46516,
                    "post_code": "8748 GG",
                    "city": "Witmarsum",
                    "house_number": "5"
                }
            ]
        },
        "1025": {
            "name": "NewBees",
            "logo": "https://www.platformaandezaan.nl/docs/wp-content/uploads/2016/06/nwbs-background.jpg",
            "description_company": "When newbees arrive in the Netherlands, they enter a complex process managed by multiple institutions that do not always communicate well. The first responsibility lies with the Ministry of Justice, to be taken over by the Ministry of Social Affairs and then passed on to the decentralized municipalities that will be the newbees’ new home.\nAt NewBees, we aim to smooth this journey by offering a way to participate and add value that matches the experience, personality and immigration stage of each newbee. ",
            "description_person": "When newbees arrive in the Netherlands, they enter a complex process managed by multiple institutions that do not always communicate well. The first responsibility lies with the Ministry of Justice, to be taken over by the Ministry of Social Affairs and then passed on to the decentralized municipalities that will be the newbees’ new home.\nAt NewBees, we aim to smooth this journey by offering a way to participate and add value that matches the experience, personality and immigration stage of each newbee. ",
            "tags": [
                6
            ],
            "contacts": [
                {
                    "id": 2037,
                    "phone": "0031638451016",
                    "email": "info@new-bees.org",
                    "web": "https://www.new-bees.org/",
                    "latitude": 52.4379,
                    "longitude": 4.81473,
                    "post_code": "1506 MZ",
                    "city": "Zaandam",
                    "house_number": "3"
                },
                {
                    "id": 2038,
                    "phone": "0031638451016",
                    "email": "info@new-bees.org",
                    "web": "https://www.new-bees.org/",
                    "latitude": 51.9247,
                    "longitude": 6.57279,
                    "post_code": "7122 TA",
                    "city": "Aalten",
                    "house_number": "65"
                }
            ]
        },
        "1026": {
            "name": "Yalla Foundation",
            "logo": "https://www.stayhuman.nu/wp-content/uploads/2016/06/image2-1030x911.jpeg",
            "description_company": "Yalla Foundation supports an inclusive society, decreases social (in)stability and stimulates ‘gekanteld werken / bottum-up working’ with refugees and encourages on- and offline an inclusive society with refugees / newcomers. \nRefugees are often isolated from the society during their stay within a COA refugee locations or when they obtain the temporary permit to stay, get a house and settle down. A big positive and divers network is essential to integrate well into society. For that Yalla Foundation exists!",
            "description_person": "Yalla Foundation supports an inclusive society, decreases social (in)stability and stimulates ‘gekanteld werken / bottum-up working’ with refugees and encourages on- and offline an inclusive society with refugees / newcomers. \nRefugees are often isolated from the society during their stay within a COA refugee locations or when they obtain the temporary permit to stay, get a house and settle down. A big positive and divers network is essential to integrate well into society. For that Yalla Foundation exists!",
            "tags": [
                4
            ],
            "contacts": [
                {
                    "id": 2039,
                    "phone": "0031614793312",
                    "email": "info@yallafoundation.nl",
                    "web": "http://yallafoundation.nl/",
                    "latitude": 51.851,
                    "longitude": 5.8462,
                    "post_code": "6541 BA",
                    "city": "Nijmegen",
                    "house_number": "150"
                },
                {
                    "id": 2040,
                    "phone": "0031614793312",
                    "email": "info@yallafoundation.nl",
                    "web": "http://yallafoundation.nl/",
                    "latitude": 52.5079,
                    "longitude": 6.07899,
                    "post_code": "8019 AR",
                    "city": "Zwolle",
                    "house_number": "18A"
                }
            ]
        },
        "1027": {
            "name": "Open Embassy",
            "logo": "http://openembassy.nl/img/oe_logo.jpg",
            "description_company": "\nA status holder has a question and poses it on open embassy.\nA volunteer has some spare time and logs in at open embassy to help out.\nThe volunteer receives the status holder's question and gets to work.\nThe volunteer can enter into a conversation with the status holder in order to answer the question as good as possible.\nThe status holder gets an answer that helps him or her along\nin the journey of building a life in the Netherlands.",
            "description_person": "\nA status holder has a question and poses it on open embassy.\nA volunteer has some spare time and logs in at open embassy to help out.\nThe volunteer receives the status holder's question and gets to work.\nThe volunteer can enter into a conversation with the status holder in order to answer the question as good as possible.\nThe status holder gets an answer that helps him or her along\nin the journey of building a life in the Netherlands.",
            "tags": [
                4,
                12
            ],
            "contacts": [
                {
                    "id": 2041,
                    "phone": "0031637481524",
                    "email": "info@openembassy.nl",
                    "web": "http://www.openembassy.nl/",
                    "latitude": 52.4989,
                    "longitude": 5.48722,
                    "post_code": "8225",
                    "city": "Lelystad",
                    "house_number": "33"
                },
                {
                    "id": 2042,
                    "phone": "0031637481524",
                    "email": "info@openembassy.nl",
                    "web": "http://www.openembassy.nl/",
                    "latitude": 51.9565,
                    "longitude": 6.28345,
                    "post_code": "7007 AV",
                    "city": "Doetinchem",
                    "house_number": "43"
                }
            ]
        },
        "1028": {
            "name": "Syriërs gezond",
            "logo": "http://www.pharos.nl/documents/gfx/syriersgezond-logo-250.jpg",
            "description_company": "Syriërs in Nederland kunnen op deze pagina hun vragen stellen over de gezondheidszorg en gezond blijven in Nederland. De vragen worden beantwoord door een team van Syrische zorgprofessionals, ondersteund door Nederlandse professionals werkzaam bij GGD regio Utrecht en Pharos. Daarnaast post het team algemene informatie over gezondheid en zorg in Nederland in de vorm van korte filmpjes, infographics, animaties en ander voorlichtingsmateriaal. Bij vragen over individuele medische kwesties zal het team naar een hulpverlener, (zorg-) organisatie of een huisarts verwijzen.",
            "description_person": "Syriërs in Nederland kunnen op deze pagina hun vragen stellen over de gezondheidszorg en gezond blijven in Nederland. De vragen worden beantwoord door een team van Syrische zorgprofessionals, ondersteund door Nederlandse professionals werkzaam bij GGD regio Utrecht en Pharos. Daarnaast post het team algemene informatie over gezondheid en zorg in Nederland in de vorm van korte filmpjes, infographics, animaties en ander voorlichtingsmateriaal. Bij vragen over individuele medische kwesties zal het team naar een hulpverlener, (zorg-) organisatie of een huisarts verwijzen.",
            "tags": [
                10
            ],
            "contacts": [
                {
                    "id": 2043,
                    "phone": "0031624879501",
                    "email": "info@syriersgezond.nl",
                    "web": "https://www.gezondinnederland.info/",
                    "latitude": 52.6878,
                    "longitude": 6.18636,
                    "post_code": "7944 XX",
                    "city": "Meppel",
                    "house_number": "55"
                },
                {
                    "id": 2044,
                    "phone": "0031624879501",
                    "email": "info@syriersgezond.nl",
                    "web": "https://www.gezondinnederland.info/",
                    "latitude": 51.8008,
                    "longitude": 4.71988,
                    "post_code": "3315 AJ",
                    "city": "Dordrecht",
                    "house_number": "213"
                }
            ]
        }
    }
}
